date;name
2023-11-08;November 2023 reviews update
2023-11-02;November 2023 core update
2023-10-05;October 2023 Core Update
2023-10-04;October 2023 Spam Update
2023-09-14;Google Helpful Content Update 2023
2023-08-22;August 2023 Core Update
2023-04-12;April 2023 Reviews Update
2023-03-15;March 2023 Core Update
2023-02-21;February 2023 Product Reviews Update
2022-12-14;December 2022 Link Spam Update
2022-12-05;December 2022 Helpful Content Update
2022-10-19;October 2022 Spam Update
2022-09-20;Product Review Algorithm Update
2022-09-12;Core Algorithm Update
2022-08-25;Helpful Content Update
2022-07-27;July 2022 Product Reviews Update
2022-05-22;May 2022 Core Update
2022-03-23;March 2022 Product Algorithm Update
2022-02-22;Page Experience Update
